{
  "TV": {
    "alpha": 0.6,
    "k": 0.6,
    "s": 2.0
  },
  "Search": {
    "alpha": 0.1,
    "k": 0.5,
    "s": 1.7
  },
  "Social": {
    "alpha": 0.2,
    "k": 0.5,
    "s": 1.7
  },
  "ref_max_adstock": {
    "TV 2023": 19.288822804809755,
    "TV 2024\u201325": 17.200007961273194,
    "Search": 15.002751391151925,
    "Social": 11.35073219158497
  },
  "coef": {
    "tv_2023_transformed": 42.985908914169265,
    "tv_2024_2025_transformed": 4.6382507896665865,
    "search_transformed": 88.51212671951399,
    "social_transformed": 55.63247245806577
  }
}